type,number,X/E,Y/N,Z/U
start,1,234384.176568,2502113.756662,1.098766
goal,1,234371.336423,2502113.930928,0.998187
target_zones,1,234376.249334,2502115.050372,1.059783
target_zones,1,234376.432992,2502115.084635,1.061938
target_zones,1,234376.449444,2502114.843116,1.057365
target_zones,1,234376.279564,2502114.822211,1.055582
target_zones,2,234376.014125,2502112.343909,1.005140
target_zones,2,234376.130064,2502112.337935,1.005963
target_zones,2,234376.139996,2502112.209468,1.003540
target_zones,2,234376.031929,2502112.207290,1.002623
target_zones,3,234379.541398,2502112.521833,1.037170
target_zones,3,234379.723500,2502112.520006,1.038609
target_zones,3,234379.714362,2502112.342694,1.035080
target_zones,3,234379.540888,2502112.334306,1.033512
target_zones,4,234379.576439,2502110.799432,1.003891
target_zones,4,234379.693060,2502110.787387,1.004601
target_zones,4,234379.667130,2502110.581411,1.000377
target_zones,4,234379.558995,2502110.574433,0.999365
target_zones,5,234376.664880,2502109.936342,0.963496
target_zones,5,234376.865306,2502109.889214,0.964201
target_zones,5,234376.851829,2502109.779579,0.961955
target_zones,5,234376.645825,2502109.810802,0.960896
target_zones,6,234374.071555,2502109.391499,0.931880
target_zones,6,234374.199377,2502109.396800,0.933018
target_zones,6,234374.206858,2502109.266544,0.930541
target_zones,6,234374.073715,2502109.261333,0.929361
target_zones,7,234373.471209,2502108.107457,0.901998
target_zones,7,234373.660541,2502108.086628,0.903125
target_zones,7,234373.639292,2502107.937211,0.900041
target_zones,7,234373.458648,2502107.951600,0.898859
target_zones,8,234377.854461,2502107.817833,0.931848
target_zones,8,234378.014060,2502107.806702,0.932923
target_zones,8,234378.002630,2502107.666710,0.930103
target_zones,8,234377.849774,2502107.669300,0.928916
obstacle_zones,1,234380.965874,2502110.543258,1.010150
obstacle_zones,1,234381.569926,2502110.375857,1.011780
obstacle_zones,1,234381.818873,2502110.199997,1.010369
obstacle_zones,1,234381.420207,2502108.769512,0.979266
obstacle_zones,1,234381.370090,2502108.733138,0.978152
obstacle_zones,1,234381.269093,2502108.741053,0.977488
obstacle_zones,1,234381.096416,2502108.783270,0.976912
obstacle_zones,1,234380.608436,2502108.981792,0.976829
obstacle_zones,1,234380.594097,2502109.116453,0.979337
obstacle_zones,1,234380.618558,2502109.225641,0.981663
obstacle_zones,1,234380.661092,2502109.431717,0.986023
obstacle_zones,1,234380.920914,2502110.442689,1.007827
obstacle_zones,2,234377.787757,2502110.549544,0.984538
obstacle_zones,2,234378.291284,2502110.675430,0.991068
obstacle_zones,2,234378.594840,2502110.558616,0.991250
obstacle_zones,2,234378.624289,2502110.465059,0.989665
obstacle_zones,2,234378.654537,2502110.421119,0.989054
obstacle_zones,2,234378.649545,2502110.367436,0.987968
obstacle_zones,2,234378.660857,2502110.301069,0.986766
obstacle_zones,2,234378.828388,2502109.299400,0.968604
obstacle_zones,2,234378.868886,2502109.251151,0.967992
obstacle_zones,2,234378.882128,2502109.176480,0.966644
obstacle_zones,2,234378.873673,2502109.036001,0.963838
obstacle_zones,2,234378.802857,2502108.995841,0.962482
obstacle_zones,2,234378.626617,2502108.945060,0.960066
obstacle_zones,2,234378.438265,2502108.911028,0.957877
obstacle_zones,2,234378.263125,2502108.928471,0.956799
obstacle_zones,2,234378.119800,2502108.999143,0.957015
obstacle_zones,2,234378.050583,2502109.058219,0.957606
obstacle_zones,2,234378.014879,2502109.147747,0.959062
obstacle_zones,2,234377.907003,2502109.625208,0.967492
obstacle_zones,2,234377.836429,2502109.984163,0.973915
obstacle_zones,2,234377.783725,2502110.299387,0.979631
obstacle_zones,2,234377.763662,2502110.463097,0.982658
obstacle_zones,3,234373.675561,2502112.246783,0.984311
obstacle_zones,3,234374.071763,2502112.304913,0.988652
obstacle_zones,3,234374.212038,2502112.327072,0.990220
obstacle_zones,3,234374.276591,2502112.317215,0.990550
obstacle_zones,3,234374.328226,2502112.265517,0.989961
obstacle_zones,3,234374.412603,2502112.183472,0.989046
obstacle_zones,3,234374.504115,2502112.110068,0.988356
obstacle_zones,3,234374.549940,2502112.023418,0.987039
obstacle_zones,3,234374.590548,2502111.938609,0.985715
obstacle_zones,3,234374.600980,2502111.826271,0.983611
obstacle_zones,3,234374.625429,2502111.715448,0.981649
obstacle_zones,3,234374.663182,2502111.345027,0.974737
obstacle_zones,3,234374.684526,2502111.150136,0.971112
obstacle_zones,3,234374.684832,2502110.952097,0.967256
obstacle_zones,3,234374.744136,2502110.833673,0.965428
obstacle_zones,3,234374.748252,2502110.763502,0.964094
obstacle_zones,3,234374.726056,2502110.688520,0.962453
obstacle_zones,3,234374.678028,2502110.638511,0.961090
obstacle_zones,3,234374.558707,2502110.614245,0.959651
obstacle_zones,3,234374.364117,2502110.585997,0.957525
obstacle_zones,3,234374.197672,2502110.567787,0.955822
obstacle_zones,3,234374.038644,2502110.575739,0.954689
obstacle_zones,3,234373.929252,2502110.624910,0.954762
obstacle_zones,3,234373.832269,2502110.684387,0.955135
obstacle_zones,3,234373.788644,2502110.799040,0.957016
obstacle_zones,3,234373.750043,2502111.116899,0.962897
obstacle_zones,3,234373.713612,2502111.352354,0.967190
obstacle_zones,3,234373.684881,2502111.631491,0.972397
obstacle_zones,3,234373.658151,2502111.817711,0.975809
obstacle_zones,3,234373.629923,2502111.911073,0.977400
obstacle_zones,3,234373.615065,2502112.074309,0.980460
obstacle_zones,3,234373.620454,2502112.191636,0.982790
obstacle_zones,4,234372.487681,2502111.900634,0.967947
obstacle_zones,4,234372.748234,2502111.897972,0.970005
obstacle_zones,4,234373.005318,2502111.897121,0.972070
obstacle_zones,4,234373.111891,2502111.890057,0.972796
obstacle_zones,4,234373.158733,2502111.866481,0.972716
obstacle_zones,4,234373.173791,2502111.824165,0.972013
obstacle_zones,4,234373.186678,2502111.755599,0.970781
obstacle_zones,4,234373.188480,2502111.650417,0.968746
obstacle_zones,4,234373.182044,2502111.359608,0.963027
obstacle_zones,4,234373.179474,2502111.200173,0.959900
obstacle_zones,4,234373.169574,2502111.128487,0.958423
obstacle_zones,4,234373.146137,2502111.085071,0.957387
obstacle_zones,4,234373.077523,2502111.059946,0.956342
obstacle_zones,4,234372.948135,2502111.062138,0.955337
obstacle_zones,4,234372.729630,2502111.069346,0.953708
obstacle_zones,4,234372.527145,2502111.093807,0.952545
obstacle_zones,4,234372.343949,2502111.121446,0.951600
obstacle_zones,4,234372.348917,2502111.321149,0.955532
obstacle_zones,4,234372.362655,2502111.522456,0.959566
obstacle_zones,4,234372.380792,2502111.671113,0.962609
obstacle_zones,4,234372.386492,2502111.807712,0.965317
obstacle_zones,4,234372.394616,2502111.877675,0.966746
risk_zones,1,234381.634510,2502115.081445,1.103996
risk_zones,1,234382.182966,2502115.027982,1.107395
risk_zones,1,234382.466132,2502114.924649,1.107674
risk_zones,1,234382.663455,2502114.754817,1.105963
risk_zones,1,234382.796584,2502114.389002,1.099913
risk_zones,1,234382.769126,2502113.947761,1.091092
risk_zones,1,234382.708860,2502113.364370,1.079236
risk_zones,1,234382.699775,2502113.011159,1.072280
risk_zones,1,234382.642361,2502112.815063,1.067994
risk_zones,1,234382.582482,2502112.466110,1.060710
risk_zones,1,234382.508880,2502112.107196,1.053120
risk_zones,1,234382.212200,2502111.792835,1.044592
risk_zones,1,234381.898629,2502111.692818,1.040104
risk_zones,1,234381.488064,2502111.675990,1.036451
risk_zones,1,234380.974602,2502111.796816,1.034648
risk_zones,1,234380.534354,2502112.042117,1.035863
risk_zones,1,234380.305213,2502112.341603,1.039843
risk_zones,1,234380.164319,2502112.646390,1.044641
risk_zones,1,234380.124849,2502112.932469,1.049896
risk_zones,1,234380.169197,2502113.159366,1.054677
risk_zones,1,234380.384191,2502113.454725,1.062173
risk_zones,1,234380.660696,2502113.779621,1.070743
risk_zones,1,234380.724124,2502113.928047,1.074149
risk_zones,1,234380.748515,2502114.179067,1.079237
risk_zones,1,234380.748191,2502114.369346,1.082943
risk_zones,1,234380.696690,2502114.540106,1.085853
risk_zones,1,234380.704844,2502114.835571,1.091676
risk_zones,1,234380.962483,2502115.041866,1.097783
risk_zones,1,234381.197209,2502115.088855,1.100599
